Cust_ID,Churn
0,1
1,1
2,0
3,1
4,0
5,0
6,1
7,0
8,0
9,1
10,1
11,0
12,0
13,1
14,1
15,1
16,0
17,0
18,0
19,1
20,1
21,1
22,0
23,1
24,1
25,0
26,0
27,1
28,1
29,0
30,1
31,0
32,1
33,1
34,0
35,1
36,0
37,1
38,1
39,1
40,1
41,1
42,1
43,1
44,1
45,1
46,0
47,0
48,0
49,1
50,0
51,1
52,1
53,1
54,1
55,0
56,0
57,0
58,1
59,0
60,0
61,1
62,0
63,0
64,0
65,0
66,0
67,0
68,0
69,1
70,1
71,1
72,0
73,1
74,1
75,1
76,0
77,0
78,0
79,0
80,1
81,1
82,1
83,1
84,1
85,0
86,0
87,1
88,1
89,1
90,1
91,1
92,1
93,0
94,1
95,0
96,1
97,0
98,1
99,0
100,1
101,1
102,0
103,0
104,0
105,0
106,0
107,1
108,1
109,0
110,0
111,0
112,1
113,0
114,0
115,1
116,1
117,1
118,0
119,1
120,0
121,0
122,0
123,1
124,1
125,1
126,1
127,1
128,0
129,1
130,1
131,1
132,1
133,0
134,1
135,1
136,1
137,1
138,1
139,1
140,1
141,0
142,0
143,1
144,0
145,1
146,0
147,1
148,1
149,0
150,0
151,0
152,1
153,1
154,0
155,0
156,0
157,1
158,0
159,0
160,1
161,0
162,1
163,1
164,1
165,0
166,0
167,0
168,1
169,1
170,1
171,0
172,1
173,1
174,1
175,0
176,0
177,1
178,1
179,1
180,1
181,0
182,0
183,1
184,1
185,1
186,1
187,0
188,0
189,0
190,1
191,1
192,1
193,1
194,1
195,0
196,0
197,1
198,1
199,1
200,1
201,1
202,0
203,0
204,0
205,0
206,1
207,0
208,0
209,1
210,0
211,0
212,0
213,0
214,0
215,0
216,1
217,1
218,0
219,0
220,0
221,0
222,1
223,1
224,0
225,1
226,0
227,1
228,0
229,0
230,0
231,1
232,1
233,0
234,0
235,1
236,1
237,0
238,0
239,1
240,0
241,0
242,1
243,0
244,1
245,0
246,1
247,1
248,1
249,0
250,1
251,1
252,0
253,1
254,0
255,0
256,1
257,0
258,1
259,0
260,0
261,0
262,0
263,1
264,1
265,1
266,1
267,0
268,1
269,1
270,0
271,1
272,0
273,1
274,1
275,0
276,1
277,1
278,1
279,0
280,0
281,0
282,0
283,0
284,1
285,1
286,0
287,1
288,1
289,0
290,0
291,0
292,0
293,1
294,0
295,0
296,0
297,1
298,1
299,0
300,0
301,1
302,1
303,0
304,1
305,0
306,1
307,1
308,1
309,0
310,0
311,0
312,0
313,0
314,0
315,0
316,0
317,1
318,0
319,1
320,0
321,0
322,1
323,0
324,0
325,1
326,0
327,1
328,1
329,0
330,1
331,1
332,1
333,0
334,0
335,1
336,0
337,1
338,1
339,1
340,1
341,0
342,0
343,1
344,1
345,0
346,1
347,0
348,0
349,0
350,1
351,0
352,0
353,1
354,1
355,1
356,1
357,1
358,0
359,1
360,0
361,0
362,1
363,1
364,0
365,1
366,0
367,0
368,1
369,0
370,1
371,0
372,1
373,1
374,0
375,1
376,0
377,1
378,1
379,0
380,0
381,1
382,0
383,0
384,1
385,0
386,0
387,0
388,1
389,1
390,1
391,0
392,0
393,0
394,0
395,0
396,0
397,1
398,0
399,1
400,0
401,1
402,1
403,0
404,0
405,1
406,0
407,1
408,1
409,0
410,1
411,0
412,1
413,0
414,0
415,0
416,0
417,0
418,0
419,0
420,1
421,1
422,1
423,0
424,1
425,1
426,0
427,1
428,1
429,0
430,0
431,0
432,0
433,1
434,0
435,0
436,1
437,1
438,1
439,0
440,1
441,1
442,0
443,1
444,0
445,0
446,0
447,1
448,0
449,0
450,0
451,0
452,0
453,1
454,1
455,0
456,1
457,1
458,0
459,1
460,0
461,0
462,1
463,1
464,1
465,0
466,0
467,1
468,1
469,0
470,0
471,1
472,1
473,0
474,1
475,0
476,0
477,0
478,1
479,1
480,1
481,1
482,1
483,0
484,0
485,0
486,0
487,0
488,0
489,1
490,1
491,0
492,0
493,1
494,0
495,1
496,0
497,0
498,0
499,1
500,0
501,1
502,1
503,1
504,1
505,1
506,1
507,1
508,0
509,0
510,0
511,1
512,1
513,1
514,0
515,0
516,1
517,0
518,0
519,0
520,1
521,0
522,0
523,1
524,1
525,0
526,0
527,1
528,0
529,0
530,0
531,1
532,1
533,0
534,1
535,1
536,1
537,0
538,1
539,0
540,0
541,0
542,1
543,1
544,1
545,0
546,1
547,1
548,1
549,1
550,1
551,1
552,0
553,0
554,0
555,1
556,1
557,0
558,1
559,0
560,0
561,1
562,1
563,1
564,1
565,1
566,1
567,1
568,0
569,1
570,0
571,1
572,1
573,0
574,0
575,1
576,0
577,0
578,0
579,0
580,1
581,1
582,1
583,0
584,0
585,0
586,0
587,1
588,0
589,1
590,1
591,0
592,1
593,0
594,0
595,1
596,1
597,1
598,0
599,1
600,0
601,0
602,0
603,0
604,0
605,0
606,1
607,1
608,0
609,0
610,1
611,1
612,1
613,0
614,1
615,1
616,1
617,0
618,0
619,1
620,0
621,1
622,0
623,0
624,1
625,0
626,1
627,1
628,0
629,0
630,1
631,0
632,1
633,0
634,0
635,1
636,1
637,1
638,1
639,1
640,0
641,1
642,0
643,1
644,1
645,0
646,1
647,0
648,1
649,1
650,1
651,0
652,0
653,1
654,0
655,1
656,0
657,0
658,0
659,0
660,1
661,1
662,0
663,1
664,1
665,0
666,1
667,1
668,1
669,0
670,0
671,0
672,0
673,1
674,1
675,1
676,1
677,1
678,0
679,1
680,0
681,0
682,0
683,0
684,1
685,1
686,0
687,0
688,0
689,1
690,0
691,0
692,0
693,1
694,1
695,0
696,0
697,0
698,0
699,1
700,0
701,0
702,1
703,1
704,0
705,1
706,0
707,0
708,1
709,0
710,1
711,0
712,1
713,1
714,0
715,0
716,0
717,1
718,1
719,0
720,1
721,0
722,0
723,1
724,0
725,0
726,0
727,1
728,0
729,1
730,1
731,1
732,1
733,0
734,0
735,1
736,0
737,0
738,1
739,1
740,0
741,0
742,1
743,0
744,1
745,0
746,0
747,0
748,1
749,0
750,0
751,1
752,0
753,1
754,0
755,1
756,0
757,0
758,0
759,0
760,0
761,0
762,0
763,0
764,0
765,0
766,1
767,0
768,0
769,0
770,0
771,1
772,1
773,0
774,0
775,0
776,1
777,0
778,0
779,1
780,1
781,0
782,1
783,1
784,0
785,0
786,0
787,0
788,1
789,0
790,0
791,0
792,0
793,1
794,1
795,0
796,1
797,0
798,0
799,1
800,1
801,0
802,1
803,1
804,1
805,1
806,0
807,0
808,0
809,0
810,1
811,1
812,1
813,1
814,1
815,0
816,1
817,1
818,0
819,0
820,0
821,0
822,1
823,1
824,1
825,0
826,0
827,0
828,1
829,1
830,0
831,1
832,0
833,0
834,1
835,0
836,0
837,0
838,1
839,1
840,0
841,1
842,1
843,1
844,1
845,0
846,1
847,0
848,0
849,0
850,0
851,1
852,1
853,1
854,0
855,1
856,1
857,0
858,1
859,0
860,0
861,1
862,1
863,0
864,1
865,0
866,1
867,1
868,0
869,0
870,0
871,0
872,1
873,0
874,0
875,0
876,1
877,0
878,0
879,1
880,0
881,0
882,0
883,0
884,0
885,0
886,0
887,0
888,1
889,1
890,1
891,0
892,1
893,0
894,0
895,1
896,0
897,1
898,0
899,1
900,0
901,1
902,0
903,1
904,1
905,1
906,1
907,0
908,0
909,0
910,0
911,0
912,0
913,1
914,0
915,0
916,0
917,0
918,0
919,0
920,1
921,1
922,1
923,0
924,0
925,0
926,1
927,1
928,1
929,1
930,0
931,1
932,1
933,1
934,0
935,1
936,0
937,0
938,0
939,1
940,1
941,1
942,1
943,1
944,0
945,1
946,0
947,0
948,1
949,0
950,1
951,1
952,1
953,0
954,0
955,0
956,1
957,0
958,0
959,0
960,1
961,0
962,1
963,0
964,1
965,1
966,1
967,1
968,1
969,0
970,1
971,0
972,0
973,0
974,1
975,0
976,0
977,0
978,0
979,0
980,1
981,0
982,0
983,1
984,0
985,0
986,0
987,1
988,1
989,1
990,1
991,1
992,1
993,0
994,1
995,0
996,0
997,1
998,1
999,1
1000,1
1001,0
1002,0
1003,1
1004,1
1005,0
1006,1
1007,1
1008,0
1009,0
1010,0
1011,0
1012,0
1013,0
1014,0
1015,1
1016,0
1017,1
1018,0
1019,0
1020,1
1021,0
1022,0
1023,0
1024,1
1025,0
1026,0
1027,1
1028,0
1029,1
1030,0
1031,0
1032,0
1033,0
1034,1
1035,0
1036,1
1037,1
1038,0
1039,1
1040,0
1041,1
1042,1
1043,0
1044,1
1045,0
1046,0
1047,0
1048,0
1049,1
1050,1
1051,1
1052,0
1053,0
1054,1
1055,0
1056,1
1057,1
1058,0
1059,0
1060,1
1061,0
1062,1
1063,1
1064,1
1065,0
1066,1
1067,1
1068,1
1069,0
1070,0
1071,0
1072,0
1073,0
1074,0
1075,1
1076,0
1077,1
1078,0
1079,0
1080,0
1081,0
1082,1
1083,1
1084,0
1085,1
1086,1
1087,0
1088,1
1089,0
1090,1
1091,1
1092,0
1093,0
1094,0
1095,0
1096,0
1097,1
1098,1
1099,0
1100,0
1101,1
1102,0
1103,0
1104,1
1105,1
1106,1
1107,1
1108,0
1109,1
1110,0
1111,1
1112,0
1113,1
1114,0
1115,0
1116,0
1117,1
1118,1
1119,1
1120,0
1121,1
1122,0
1123,0
1124,0
1125,0
1126,0
1127,0
1128,1
1129,0
1130,0
1131,0
1132,1
1133,1
1134,0
1135,0
1136,1
1137,0
1138,0
1139,0
1140,0
1141,1
1142,1
1143,0
1144,0
1145,0
1146,0
1147,0
1148,0
1149,1
1150,1
1151,0
1152,0
1153,1
1154,0
1155,1
1156,0
1157,0
1158,0
1159,1
1160,1
1161,1
1162,1
1163,0
1164,0
1165,0
1166,0
1167,0
1168,1
1169,0
1170,0
1171,0
1172,1
1173,0
1174,0
1175,0
1176,0
1177,0
1178,1
1179,0
1180,1
1181,0
1182,1
1183,1
1184,1
1185,1
1186,0
1187,1
1188,0
1189,0
1190,1
1191,1
1192,0
1193,1
1194,1
1195,0
1196,0
1197,0
1198,1
1199,0
1200,1
1201,0
1202,1
1203,1
1204,1
1205,0
1206,1
1207,0
1208,0
1209,0
1210,1
1211,1
1212,1
1213,0
1214,0
1215,0
1216,0
1217,1
1218,1
1219,0
1220,0
1221,1
1222,0
1223,0
1224,0
1225,1
1226,1
1227,1
1228,0
1229,0
1230,0
1231,0
1232,0
1233,1
1234,0
1235,0
1236,1
1237,1
1238,1
1239,0
1240,0
1241,0
1242,0
1243,0
1244,0
1245,0
1246,1
1247,1
1248,1
1249,0
1250,1
1251,0
1252,1
1253,0
1254,1
1255,0
1256,1
1257,1
1258,0
1259,1
1260,0
1261,1
1262,0
1263,1
1264,0
1265,1
1266,0
1267,0
1268,0
1269,0
1270,1
1271,0
1272,1
1273,0
1274,0
1275,0
1276,0
1277,1
1278,1
1279,0
1280,1
1281,1
1282,1
1283,0
1284,0
1285,0
1286,0
1287,0
1288,0
1289,1
1290,0
1291,0
1292,0
1293,1
1294,0
1295,1
1296,0
1297,1
1298,1
1299,1
1300,1
1301,0
1302,1
1303,0
1304,0
1305,1
1306,1
1307,1
1308,0
1309,1
1310,1
1311,1
1312,0
1313,1
1314,0
1315,0
1316,0
1317,0
1318,1
1319,1
1320,0
1321,1
1322,1
1323,0
1324,1
1325,0
1326,1
1327,1
1328,1
1329,1
1330,1
1331,1
1332,0
1333,1
1334,1
1335,0
1336,1
1337,1
1338,1
1339,0
1340,0
1341,1
1342,1
1343,1
1344,1
1345,0
1346,1
1347,1
1348,1
1349,0
1350,0
1351,1
1352,1
1353,0
1354,1
1355,1
1356,1
1357,0
1358,1
1359,1
1360,0
1361,1
1362,0
1363,0
1364,1
1365,0
1366,0
1367,1
1368,1
1369,1
1370,1
1371,0
1372,0
1373,0
1374,0
1375,0
1376,0
1377,1
1378,0
1379,0
1380,1
1381,1
1382,1
1383,1
1384,0
1385,0
1386,0
1387,0
1388,0
1389,1
1390,0
1391,0
1392,0
1393,0
1394,0
1395,0
1396,1
1397,0
1398,0
1399,0
1400,0
1401,1
1402,0
1403,1
1404,0
1405,1
1406,1
1407,0
1408,1
1409,1
1410,0
1411,0
1412,0
1413,0
1414,0
1415,0
1416,1
1417,0
1418,0
1419,0
1420,0
1421,1
1422,1
1423,0
1424,1
1425,0
1426,1
1427,1
1428,0
1429,1
1430,0
1431,1
1432,1
1433,0
1434,0
1435,1
1436,1
1437,1
1438,1
1439,0
1440,0
1441,1
1442,1
1443,1
1444,1
1445,0
1446,0
1447,1
1448,1
1449,0
1450,1
1451,0
1452,0
1453,0
1454,0
1455,0
1456,1
1457,1
1458,0
1459,0
1460,1
1461,0
1462,1
1463,0
1464,0
1465,0
1466,0
1467,1
1468,0
1469,1
1470,0
1471,0
1472,1
1473,1
1474,0
1475,0
1476,0
1477,1
1478,0
1479,1
1480,0
1481,1
1482,0
1483,0
1484,1
1485,1
1486,1
1487,0
1488,1
1489,0
1490,1
1491,1
1492,1
1493,1
1494,1
1495,0
1496,0
1497,1
1498,0
1499,1
1500,1
1501,1
1502,1
1503,1
1504,0
1505,1
1506,0
1507,1
1508,0
1509,0
1510,1
1511,1
1512,0
1513,0
1514,0
1515,0
1516,0
1517,1
1518,0
1519,0
1520,1
1521,0
1522,0
1523,1
1524,0
1525,1
1526,0
1527,1
1528,1
1529,1
1530,1
1531,0
1532,0
1533,0
1534,1
1535,1
1536,0
1537,0
1538,0
1539,0
1540,1
1541,0
1542,0
1543,0
1544,0
1545,0
1546,1
1547,0
1548,1
1549,0
1550,0
1551,1
1552,0
1553,1
1554,1
1555,0
1556,1
1557,0
1558,1
1559,1
1560,1
1561,1
1562,0
1563,1
1564,1
1565,1
1566,1
1567,1
1568,0
1569,1
1570,0
1571,1
1572,0
1573,1
1574,1
1575,0
1576,0
1577,1
1578,0
1579,1
1580,1
1581,1
1582,1
1583,1
1584,0
1585,1
1586,0
1587,1
1588,0
1589,1
1590,0
1591,1
1592,0
1593,1
1594,1
1595,0
1596,1
1597,1
1598,0
1599,0
1600,0
1601,0
1602,1
1603,0
1604,0
1605,1
1606,0
1607,0
1608,0
1609,0
1610,1
1611,1
1612,0
1613,0
1614,1
1615,1
1616,0
1617,1
1618,1
1619,1
1620,0
1621,1
1622,0
1623,0
1624,0
1625,0
1626,1
1627,1
1628,0
1629,1
1630,1
1631,0
1632,0
1633,1
1634,0
1635,0
1636,0
1637,1
1638,1
1639,0
1640,1
1641,0
1642,0
1643,0
1644,0
1645,0
1646,0
1647,0
1648,1
1649,0
1650,0
1651,0
1652,1
1653,0
1654,0
1655,1
1656,1
1657,0
1658,1
1659,0
1660,1
1661,1
1662,0
1663,0
1664,0
1665,0
1666,0
1667,0
1668,1
1669,0
1670,1
1671,0
1672,0
1673,0
1674,1
1675,1
1676,0
1677,0
1678,0
1679,0
1680,0
1681,0
1682,0
1683,0
1684,1
1685,1
1686,1
1687,1
1688,1
1689,0
1690,0
1691,1
1692,1
1693,1
1694,0
1695,1
1696,1
1697,1
1698,0
1699,0
1700,1
1701,1
1702,0
1703,0
1704,0
1705,1
1706,1
1707,0
1708,1
1709,0
1710,0
1711,0
1712,0
1713,0
1714,0
1715,0
1716,1
1717,0
1718,0
1719,0
1720,0
1721,1
1722,1
1723,0
1724,0
1725,1
1726,1
1727,0
1728,1
1729,0
1730,0
1731,1
1732,1
1733,1
1734,0
1735,0
1736,1
1737,0
1738,0
1739,1
1740,0
1741,1
1742,0
1743,0
1744,0
1745,0
1746,0
1747,1
1748,0
1749,1
1750,0
1751,0
1752,0
1753,1
1754,0
1755,1
1756,1
1757,0
1758,0
1759,0
1760,0
1761,1
1762,0
1763,0
1764,0
1765,0
1766,0
1767,1
1768,0
1769,0
1770,1
1771,1
1772,1
1773,0
1774,0
1775,0
1776,1
1777,0
1778,0
1779,0
1780,0
1781,0
1782,1
1783,0
1784,1
1785,1
1786,1
1787,0
1788,1
1789,0
1790,0
1791,0
1792,0
1793,1
1794,0
1795,0
1796,1
1797,0
1798,1
1799,0
1800,0
1801,1
1802,0
1803,0
1804,0
1805,0
1806,1
1807,0
1808,1
1809,0
1810,1
1811,1
1812,1
1813,1
1814,1
1815,1
1816,1
1817,1
1818,0
1819,1
1820,1
1821,1
1822,1
1823,1
1824,1
1825,0
1826,1
1827,1
1828,1
1829,1
1830,0
1831,1
1832,1
1833,1
1834,1
1835,1
1836,0
1837,1
1838,0
1839,1
1840,1
1841,0
1842,0
1843,0
1844,0
1845,0
1846,0
1847,1
1848,0
1849,0
1850,1
1851,0
1852,1
1853,1
1854,0
1855,1
1856,0
1857,0
1858,1
1859,1
1860,0
1861,0
1862,0
1863,1
1864,0
1865,1
1866,1
1867,0
1868,1
1869,1
1870,0
1871,0
1872,0
1873,0
1874,0
1875,0
1876,0
1877,0
1878,0
1879,1
1880,0
1881,1
1882,0
1883,1
1884,1
1885,1
1886,0
1887,0
1888,0
1889,0
1890,1
1891,0
1892,0
1893,1
1894,1
1895,0
1896,0
1897,0
1898,1
1899,1
1900,0
1901,0
1902,0
1903,0
1904,0
1905,1
1906,0
1907,1
1908,0
1909,0
1910,0
1911,0
1912,0
1913,0
1914,1
1915,1
1916,0
1917,0
1918,0
1919,1
1920,0
1921,0
1922,1
1923,1
1924,0
1925,0
1926,0
1927,0
1928,0
1929,1
1930,0
1931,1
1932,0
1933,1
1934,0
1935,0
1936,1
1937,1
1938,0
1939,0
1940,1
1941,1
1942,0
1943,1
1944,1
1945,0
1946,0
1947,0
1948,1
1949,1
1950,0
1951,0
1952,0
1953,0
1954,1
1955,1
1956,1
1957,0
1958,1
1959,0
1960,0
1961,0
1962,1
1963,0
1964,1
1965,1
1966,0
1967,1
1968,0
1969,0
1970,0
1971,0
1972,0
1973,1
1974,1
1975,0
1976,0
1977,1
1978,0
1979,1
1980,0
1981,0
1982,1
1983,1
1984,0
1985,0
1986,1
1987,0
1988,1
1989,1
1990,1
1991,1
1992,1
1993,0
1994,0
1995,0
1996,0
1997,1
1998,0
1999,1
2000,1
2001,1
2002,1
2003,0
2004,1
2005,0
2006,1
2007,1
2008,0
2009,0
2010,1
2011,1
2012,0
2013,0
2014,1
2015,1
2016,1
2017,0
2018,1
2019,1
2020,0
2021,0
2022,1
2023,1
2024,1
2025,0
2026,1
2027,0
2028,1
2029,0
2030,1
2031,1
2032,1
2033,0
2034,1
2035,0
2036,0
2037,1
2038,1
2039,1
2040,1
2041,0
2042,0
2043,1
2044,0
2045,1
2046,0
2047,0
2048,1
2049,1
2050,0
2051,1
2052,1
2053,0
2054,1
2055,1
2056,0
2057,1
2058,0
2059,1
2060,1
2061,0
2062,1
2063,0
2064,1
2065,0
2066,1
2067,0
2068,1
2069,1
2070,0
2071,0
2072,0
2073,0
2074,0
2075,1
2076,0
2077,0
2078,0
2079,1
2080,0
2081,1
2082,1
2083,1
2084,0
2085,0
2086,1
2087,1
2088,0
2089,1
2090,1
2091,0
2092,0
2093,0
2094,1
2095,0
2096,0
2097,0
2098,0
2099,1
2100,1
2101,0
2102,0
2103,0
2104,0
2105,0
2106,0
2107,1
2108,1
2109,0
2110,1
2111,0
2112,0
2113,1
2114,1
2115,0
2116,0
2117,0
2118,1
2119,1
2120,0
2121,1
2122,0
2123,1
2124,0
2125,1
2126,1
2127,1
2128,1
2129,0
2130,0
2131,0
2132,1
2133,0
2134,0
2135,1
2136,1
2137,1
2138,1
2139,0
2140,1
2141,0
2142,0
2143,0
2144,0
2145,0
2146,1
2147,0
2148,1
2149,0
2150,0
2151,0
2152,1
2153,0
2154,0
2155,1
2156,0
2157,1
2158,0
2159,0
2160,0
2161,0
2162,0
2163,0
2164,0
2165,0
2166,0
2167,0
2168,0
2169,0
2170,1
2171,0
2172,0
2173,1
2174,0
2175,0
2176,1
2177,0
2178,0
2179,0
2180,0
2181,0
2182,1
2183,1
2184,1
2185,0
2186,0
2187,1
2188,1
2189,1
2190,0
2191,1
2192,1
2193,1
2194,0
2195,0
2196,1
2197,0
2198,0
2199,1
2200,0
2201,0
2202,0
2203,0
2204,1
2205,0
2206,1
2207,0
2208,0
2209,1
2210,0
2211,0
2212,1
2213,0
2214,1
2215,0
2216,0
2217,1
2218,0
2219,1
2220,0
2221,0
2222,1
2223,0
2224,0
2225,1
2226,0
2227,1
2228,1
2229,0
2230,1
2231,1
2232,1
2233,0
2234,0
2235,0
2236,0
2237,0
2238,0
2239,0
2240,1
2241,1
2242,0
2243,1
2244,0
2245,1
2246,0
2247,0
2248,0
2249,1
2250,1
2251,1
2252,0
2253,1
2254,0
2255,0
2256,0
2257,1
2258,0
2259,1
2260,0
2261,0
2262,0
2263,1
2264,1
2265,0
2266,1
2267,1
2268,1
2269,0
2270,0
2271,0
2272,1
2273,1
2274,0
2275,0
2276,1
2277,1
2278,0
2279,0
2280,0
2281,1
2282,1
2283,0
2284,1
2285,0
2286,1
2287,0
2288,0
2289,1
2290,1
2291,1
2292,0
2293,0
2294,0
2295,1
2296,1
2297,1
2298,1
2299,1
2300,1
2301,0
2302,0
2303,1
2304,1
2305,0
2306,0
2307,0
2308,1
2309,0
2310,1
2311,1
2312,0
2313,0
2314,0
2315,0
2316,0
2317,1
2318,0
2319,0
2320,0
2321,0
2322,0
2323,0
2324,0
2325,1
2326,0
2327,1
2328,1
2329,0
2330,0
2331,1
2332,1
2333,1
2334,1
2335,1
2336,0
2337,1
2338,1
2339,1
2340,1
2341,0
2342,0
2343,1
2344,0
2345,1
2346,1
2347,0
2348,1
2349,0
2350,1
2351,0
2352,1
2353,0
2354,1
2355,0
2356,1
2357,1
2358,1
2359,1
2360,0
2361,1
2362,1
2363,1
2364,1
2365,0
2366,1
2367,0
2368,0
2369,1
2370,1
2371,1
2372,0
2373,1
2374,0
2375,1
2376,1
2377,1
2378,1
2379,0
2380,0
2381,0
2382,0
2383,0
2384,0
2385,0
2386,1
2387,1
2388,1
2389,0
2390,0
2391,1
2392,0
2393,1
2394,0
2395,0
2396,0
2397,1
2398,1
2399,0
2400,1
2401,1
2402,1
2403,1
2404,1
2405,1
2406,1
2407,0
2408,1
2409,1
2410,0
2411,1
2412,0
2413,0
2414,0
2415,1
2416,1
2417,1
2418,0
2419,1
2420,1
2421,1
2422,0
2423,0
2424,1
2425,1
2426,1
2427,1
2428,0
2429,0
2430,0
2431,0
2432,0
2433,1
2434,1
2435,1
2436,0
2437,0
2438,1
2439,1
2440,0
2441,1
2442,1
2443,0
2444,1
2445,1
2446,1
2447,1
2448,0
2449,0
2450,0
2451,0
2452,1
2453,0
2454,0
2455,0
2456,0
2457,1
2458,0
2459,0
2460,0
2461,0
2462,1
2463,0
2464,0
2465,0
2466,0
2467,0
2468,0
2469,1
2470,0
2471,1
2472,0
2473,0
2474,0
2475,1
2476,0
2477,0
2478,1
2479,0
2480,1
2481,1
2482,0
2483,1
2484,1
2485,0
2486,0
2487,1
2488,1
2489,1
2490,1
2491,1
2492,1
2493,1
2494,0
2495,0
2496,0
2497,1
2498,1
2499,1
2500,1
2501,1
2502,0
2503,1
2504,0
2505,0
2506,0
2507,0
2508,1
2509,0
2510,0
2511,1
2512,0
2513,0
2514,1
2515,0
2516,1
2517,1
2518,0
2519,0
2520,0
2521,1
2522,1
2523,1
2524,0
2525,0
2526,0
2527,1
2528,1
2529,0
2530,0
2531,1
2532,1
2533,0
2534,1
2535,1
2536,1
2537,1
2538,1
2539,0
2540,1
2541,0
2542,1
2543,0
2544,0
2545,1
2546,0
2547,1
2548,1
2549,0
2550,1
2551,0
2552,0
2553,0
2554,1
2555,1
2556,1
2557,1
2558,0
2559,0
2560,1
2561,0
2562,0
2563,1
2564,1
2565,1
2566,0
2567,1
2568,0
2569,1
2570,0
2571,1
2572,0
2573,0
2574,0
2575,1
2576,0
2577,0
2578,1
2579,0
2580,1
2581,0
2582,0
2583,1
2584,1
2585,0
2586,0
2587,1
2588,0
2589,0
2590,0
2591,0
2592,0
2593,0
2594,1
2595,0
2596,1
2597,0
2598,0
2599,0
2600,0
2601,0
2602,0
2603,0
2604,0
2605,1
2606,1
2607,1
2608,1
2609,0
2610,1
2611,0
2612,0
2613,1
2614,0
2615,1
2616,1
2617,0
2618,1
2619,1
2620,0
2621,1
2622,0
2623,0
2624,1
2625,0
2626,0
2627,1
2628,1
2629,0
2630,0
2631,0
2632,0
2633,0
2634,0
2635,0
2636,0
2637,0
2638,1
2639,1
2640,1
2641,1
2642,0
2643,0
2644,1
2645,1
2646,1
2647,1
2648,0
2649,1
2650,1
2651,0
2652,0
2653,1
2654,1
2655,0
2656,1
2657,0
2658,1
2659,1
2660,1
2661,0
2662,1
2663,1
2664,0
2665,0
2666,0
2667,1
2668,0
2669,1
2670,1
2671,0
2672,0
2673,1
2674,0
2675,1
2676,0
2677,0
2678,0
2679,1
2680,1
2681,0
2682,0
2683,1
2684,1
2685,0
2686,1
2687,0
2688,1
2689,0
2690,0
2691,0
2692,0
2693,1
2694,1
2695,0
2696,1
2697,1
2698,1
2699,0
2700,0
2701,0
2702,0
2703,0
2704,0
2705,1
2706,0
2707,1
2708,1
2709,0
2710,0
2711,1
2712,1
2713,0
2714,0
2715,1
2716,0
2717,0
2718,0
2719,1
2720,1
2721,1
2722,0
2723,1
2724,1
2725,0
2726,0
2727,1
2728,0
2729,0
2730,0
2731,0
2732,1
2733,0
2734,1
2735,0
2736,0
2737,0
2738,0
2739,1
2740,0
2741,1
2742,0
2743,0
2744,0
2745,0
2746,1
2747,0
2748,0
2749,0
2750,0
2751,0
2752,0
2753,1
2754,0
2755,1
2756,1
2757,1
2758,1
2759,1
2760,0
2761,0
2762,0
2763,1
2764,1
2765,1
2766,0
2767,0
2768,0
2769,1
2770,1
2771,0
2772,0
2773,1
2774,0
2775,1
2776,0
2777,0
2778,0
2779,1
2780,1
2781,0
2782,0
2783,0
2784,1
2785,1
2786,0
2787,0
2788,0
2789,0
2790,0
2791,0
2792,0
2793,1
2794,1
2795,1
2796,0
2797,0
2798,0
2799,1
2800,0
2801,0
2802,0
2803,0
2804,1
2805,0
2806,0
2807,1
2808,1
2809,0
2810,1
2811,1
2812,0
2813,0
2814,1
2815,0
2816,0
2817,1
2818,0
2819,0
2820,1
2821,1
2822,0
2823,1
2824,1
2825,1
2826,0
2827,1
2828,0
2829,0
2830,0
2831,1
2832,0
2833,0
2834,1
2835,0
2836,0
2837,0
2838,1
2839,0
2840,0
2841,0
2842,1
2843,0
2844,1
2845,0
2846,0
2847,0
2848,1
2849,1
2850,0
2851,0
2852,1
2853,1
2854,0
2855,0
2856,0
2857,0
2858,0
2859,0
2860,0
2861,0
2862,1
2863,1
2864,1
2865,1
2866,0
2867,0
2868,0
2869,0
2870,0
2871,0
2872,0
2873,1
2874,1
2875,0
2876,1
2877,1
2878,1
2879,0
2880,1
2881,0
2882,1
2883,0
2884,1
2885,0
2886,0
2887,1
2888,1
2889,1
2890,0
2891,0
2892,1
2893,0
2894,1
2895,1
2896,1
2897,0
2898,0
2899,1
2900,0
2901,1
2902,1
2903,1
2904,0
2905,1
2906,0
2907,1
2908,0
2909,0
2910,1
2911,1
2912,0
2913,0
2914,1
2915,0
2916,0
2917,1
2918,0
2919,0
2920,0
2921,1
2922,0
2923,1
2924,0
2925,0
2926,0
2927,1
2928,0
2929,0
2930,0
2931,1
2932,0
2933,1
2934,0
2935,0
2936,1
2937,0
2938,0
2939,0
2940,0
2941,0
2942,1
2943,1
2944,1
2945,1
2946,0
2947,0
2948,1
2949,0
2950,1
2951,1
2952,1
2953,0
2954,0
2955,1
2956,1
2957,0
2958,0
2959,0
2960,0
2961,0
2962,0
2963,0
2964,0
2965,0
2966,1
2967,0
2968,1
2969,0
2970,0
2971,0
2972,0
2973,0
2974,1
2975,1
2976,0
2977,1
2978,1
2979,1
2980,0
2981,1
2982,0
2983,0
2984,1
2985,0
2986,0
2987,0
2988,0
2989,1
2990,0
2991,0
2992,1
2993,1
2994,1
2995,0
2996,0
2997,1
2998,0
2999,0
3000,1
3001,0
3002,1
3003,0
3004,1
3005,1
3006,1
3007,0
3008,1
3009,1
3010,0
3011,1
3012,0
3013,0
3014,0
3015,1
3016,1
3017,0
3018,1
3019,0
3020,0
3021,0
3022,0
3023,0
3024,1
3025,0
3026,1
3027,1
3028,1
3029,0
3030,0
3031,0
3032,0
3033,1
3034,0
3035,1
3036,1
3037,0
3038,0
3039,0
3040,0
3041,0
3042,0
3043,0
3044,1
3045,0
3046,0
3047,0
3048,1
3049,0
3050,1
3051,0
3052,0
3053,1
3054,0
3055,1
3056,0
3057,0
3058,0
3059,1
3060,0
3061,0
3062,1
3063,1
3064,0
3065,1
3066,0
3067,0
3068,0
3069,1
3070,1
3071,0
3072,0
3073,0
3074,1
3075,0
3076,0
3077,1
3078,0
3079,1
3080,0
3081,0
3082,1
3083,0
3084,0
3085,1
3086,1
3087,0
3088,0
3089,0
3090,0
3091,1
3092,1
3093,0
3094,0
3095,1
3096,0
3097,0
3098,1
3099,0
3100,1
3101,0
3102,0
3103,1
3104,1
3105,1
3106,1
3107,0
3108,0
3109,1
3110,1
3111,1
3112,1
3113,1
3114,0
3115,1
3116,0
3117,1
3118,0
3119,0
3120,0
3121,0
3122,0
3123,1
3124,0
3125,0
3126,0
3127,0
3128,1
3129,1
3130,0
3131,1
3132,0
3133,1
3134,1
3135,1
3136,0
3137,0
3138,0
3139,0
3140,0
3141,0
3142,0
3143,0
3144,1
3145,0
3146,0
3147,0
3148,1
3149,1
3150,1
3151,1
3152,1
3153,1
3154,0
3155,1
3156,0
3157,0
3158,1
3159,1
3160,1
3161,0
3162,1
3163,0
3164,1
3165,1
3166,1
3167,0
3168,1
3169,0
3170,0
3171,0
3172,0
3173,1
3174,1
3175,0
3176,0
3177,0
3178,1
3179,0
3180,1
3181,0
3182,0
3183,0
3184,0
3185,0
3186,0
3187,1
3188,0
3189,0
3190,0
3191,1
3192,1
3193,1
3194,0
3195,0
3196,0
3197,0
3198,1
3199,1
3200,1
3201,0
3202,0
3203,1
3204,1
3205,0
3206,0
3207,0
3208,1
3209,1
3210,1
3211,0
3212,1
3213,0
3214,1
3215,1
3216,0
3217,1
3218,0
3219,0
3220,1
3221,1
3222,1
3223,0
3224,0
3225,0
3226,0
3227,0
3228,0
3229,0
3230,1
3231,1
3232,0
3233,0
3234,1
3235,0
3236,1
3237,0
3238,0
3239,1
3240,0
3241,1
3242,0
3243,1
3244,0
3245,0
3246,1
3247,0
3248,0
3249,1
3250,0
3251,1
3252,0
3253,0
3254,1
3255,0
3256,0
3257,1
3258,0
3259,0
3260,1
3261,1
3262,0
3263,0
3264,1
3265,0
3266,0
3267,1
3268,0
3269,0
3270,1
3271,1
3272,0
3273,1
3274,0
3275,0
3276,0
3277,1
3278,1
3279,1
3280,1
3281,0
3282,0
3283,0
3284,1
3285,1
3286,1
3287,0
3288,0
3289,0
3290,0
3291,0
3292,1
3293,0
3294,0
3295,1
3296,1
3297,1
3298,1
3299,1
3300,0
3301,1
3302,0
3303,1
3304,0
3305,0
3306,0
3307,1
3308,1
3309,1
3310,0
3311,1
3312,0
3313,0
3314,0
3315,0
3316,0
3317,0
3318,1
3319,0
3320,0
3321,1
3322,1
3323,0
3324,1
3325,1
3326,0
3327,1
3328,0
3329,0
3330,0
3331,1
3332,1
3333,1
3334,1
3335,0
3336,0
3337,0
3338,1
3339,1
3340,0
3341,0
3342,1
3343,1
3344,0
3345,0
3346,1
3347,1
3348,1
3349,1
3350,0
3351,1
3352,1
3353,1
3354,0
3355,1
3356,0
3357,1
3358,1
3359,0
3360,0
3361,0
3362,1
3363,0
3364,0
3365,0
3366,0
3367,0
3368,1
3369,1
3370,0
3371,1
3372,0
3373,1
3374,1
3375,0
3376,0
3377,1
3378,0
3379,0
3380,0
3381,1
3382,0
3383,1
3384,1
3385,1
3386,0
3387,0
3388,0
3389,0
3390,1
3391,0
3392,0
3393,0
3394,1
3395,1
3396,1
3397,1
3398,0
3399,0
3400,0
3401,1
3402,1
3403,0
3404,1
3405,0
3406,1
3407,1
3408,0
3409,1
3410,0
3411,1
3412,0
3413,1
3414,0
3415,0
3416,0
3417,1
3418,1
3419,1
3420,0
3421,1
3422,0
3423,1
3424,1
3425,0
3426,1
3427,0
3428,0
3429,0
3430,0
3431,0
3432,1
3433,1
3434,0
3435,1
3436,1
3437,0
3438,1
3439,1
3440,0
3441,0
3442,1
3443,0
3444,0
3445,0
3446,1
3447,1
3448,1
3449,0
3450,0
3451,0
3452,0
3453,0
3454,0
3455,1
3456,0
3457,0
3458,1
3459,0
3460,1
3461,0
3462,1
3463,1
3464,1
3465,1
3466,1
3467,0
3468,1
3469,1
3470,1
3471,1
3472,0
3473,0
3474,1
3475,1
3476,1
3477,0
3478,0
3479,0
3480,1
3481,1
3482,0
3483,1
3484,1
3485,1
3486,0
3487,1
3488,0
3489,0
3490,0
3491,0
3492,1
3493,0
3494,0
3495,1
3496,0
3497,0
3498,1
3499,0
3500,1
3501,0
3502,0
3503,1
3504,1
3505,1
3506,0
3507,0
3508,0
3509,1
3510,1
3511,0
3512,1
3513,0
3514,1
3515,0
3516,0
3517,0
3518,1
3519,1
3520,0
3521,1
3522,0
3523,0
3524,1
3525,1
3526,0
3527,1
3528,1
3529,0
3530,1
3531,0
3532,1
3533,0
3534,0
3535,0
3536,1
3537,0
3538,0
3539,1
3540,1
3541,0
3542,1
3543,0
3544,1
3545,1
3546,1
3547,1
3548,0
3549,0
3550,0
3551,0
3552,0
3553,1
3554,0
3555,1
3556,0
3557,0
3558,0
3559,1
3560,0
3561,1
3562,1
3563,1
3564,1
3565,0
3566,1
3567,0
3568,0
3569,1
3570,1
3571,1
3572,0
3573,1
3574,1
3575,0
3576,0
3577,0
3578,1
3579,1
3580,1
3581,1
3582,1
3583,0
3584,0
3585,1
3586,0
3587,0
3588,0
3589,0
3590,0
3591,0
3592,0
3593,1
3594,0
3595,0
3596,1
3597,1
3598,1
3599,1
3600,0
3601,1
3602,1
3603,1
3604,0
3605,1
3606,1
3607,0
3608,0
3609,0
3610,0
3611,1
3612,1
3613,0
3614,1
3615,0
3616,0
3617,0
3618,1
3619,0
3620,0
3621,1
3622,0
3623,1
3624,0
3625,1
3626,1
3627,1
3628,0
3629,1
3630,0
3631,1
3632,0
3633,1
3634,1
3635,1
3636,1
3637,1
3638,0
3639,0
3640,0
3641,0
3642,1
3643,0
3644,1
3645,0
3646,0
3647,0
3648,0
3649,0
3650,1
3651,0
3652,1
3653,0
3654,0
3655,1
3656,0
3657,1
3658,0
3659,1
3660,1
3661,0
3662,0
3663,1
3664,1
3665,1
3666,0
3667,0
3668,0
3669,0
3670,0
3671,1
3672,0
3673,0
3674,0
3675,0
3676,0
3677,1
3678,1
3679,0
3680,0
3681,0
3682,1
3683,0
3684,1
3685,0
3686,0
3687,0
3688,0
3689,1
3690,1
3691,0
3692,1
3693,0
3694,0
3695,1
3696,0
3697,0
3698,1
3699,0
3700,0
3701,0
3702,0
3703,1
3704,0
3705,1
3706,0
3707,0
3708,0
3709,1
3710,0
3711,0
3712,0
3713,0
3714,1
3715,0
3716,1
3717,0
3718,0
3719,0
3720,0
3721,1
3722,1
3723,0
3724,0
3725,1
3726,0
3727,1
3728,0
3729,1
3730,0
3731,1
3732,0
3733,1
3734,0
3735,1
3736,0
3737,1
3738,0
3739,0
3740,1
3741,0
3742,0
3743,0
3744,0
3745,1
3746,1
3747,1
3748,1
3749,0
3750,0
3751,1
3752,0
3753,0
3754,0
3755,0
3756,0
3757,1
3758,1
3759,1
3760,0
3761,1
3762,1
3763,0
3764,0
3765,0
3766,1
3767,0
3768,1
3769,1
3770,1
3771,1
3772,0
3773,1
3774,1
3775,1
3776,0
3777,0
3778,1
3779,0
3780,1
3781,1
3782,1
3783,1
3784,1
3785,0
3786,1
3787,1
3788,0
3789,0
3790,0
3791,0
3792,1
3793,0
3794,1
3795,1
3796,0
3797,1
3798,0
3799,1
3800,0
3801,1
3802,1
3803,0
3804,1
3805,1
3806,0
3807,1
3808,1
3809,1
3810,1
3811,1
3812,1
3813,0
3814,0
3815,0
3816,0
3817,0
3818,1
3819,0
3820,1
3821,1
3822,0
3823,0
3824,1
3825,0
3826,1
3827,0
3828,0
3829,1
3830,1
3831,0
3832,0
3833,0
3834,0
3835,0
3836,0
3837,1
3838,0
3839,1
3840,0
3841,0
3842,0
3843,0
3844,1
3845,0
3846,1
3847,0
3848,1
3849,0
3850,1
3851,1
3852,0
3853,1
3854,0
3855,0
3856,0
3857,0
3858,1
3859,1
3860,1
3861,0
3862,0
3863,0
3864,0
3865,0
3866,1
3867,1
3868,1
3869,0
3870,0
3871,1
3872,0
3873,0
3874,0
3875,1
3876,0
3877,1
3878,0
3879,1
3880,0
3881,0
3882,0
3883,1
3884,0
3885,1
3886,0
3887,0
3888,0
3889,0
3890,0
3891,0
3892,0
3893,1
3894,0
3895,1
3896,0
3897,0
3898,0
3899,1
3900,1
3901,1
3902,0
3903,1
3904,0
3905,1
3906,1
3907,1
3908,1
3909,0
3910,1
3911,1
3912,1
3913,1
3914,0
3915,1
3916,0
3917,0
3918,1
3919,1
3920,0
3921,0
3922,0
3923,1
3924,1
3925,0
3926,0
3927,1
3928,1
3929,0
3930,0
3931,1
3932,0
3933,0
3934,0
3935,0
3936,1
3937,0
3938,0
3939,1
3940,1
3941,0
3942,0
3943,0
3944,0
3945,1
3946,0
3947,0
3948,0
3949,1
3950,0
3951,0
3952,0
3953,0
3954,0
3955,1
3956,1
3957,0
3958,0
3959,1
3960,0
3961,1
3962,0
3963,1
3964,1
3965,0
3966,1
3967,1
3968,0
3969,1
3970,0
3971,0
3972,1
3973,0
3974,0
3975,0
3976,1
3977,0
3978,1
3979,1
3980,1
3981,1
3982,0
3983,0
3984,1
3985,1
3986,1
3987,1
3988,1
3989,1
3990,0
3991,1
3992,0
3993,0
3994,1
3995,0
3996,0
3997,0
3998,1
3999,0
4000,1
4001,1
4002,1
4003,0
4004,1
4005,0
4006,0
4007,0
4008,0
4009,1
4010,0
4011,0
4012,1
4013,0
4014,0
4015,0
4016,0
4017,1
4018,0
4019,1
4020,1
4021,0
4022,1
4023,1
4024,0
4025,1
4026,0
4027,1
4028,0
4029,1
4030,0
4031,1
4032,1
4033,1
4034,1
4035,0
4036,0
4037,0
4038,0
4039,0
4040,0
4041,0
4042,0
4043,0
4044,1
4045,0
4046,0
4047,1
4048,0
4049,0
4050,0
4051,0
4052,1
4053,0
4054,1
4055,1
4056,0
4057,1
4058,1
4059,0
4060,0
4061,0
4062,0
4063,0
4064,1
4065,1
4066,0
4067,0
4068,1
4069,0
4070,1
4071,0
4072,0
4073,1
4074,1
4075,0
4076,1
4077,1
4078,0
4079,0
4080,0
4081,1
4082,1
4083,0
4084,1
4085,0
4086,1
4087,1
4088,1
4089,1
4090,1
4091,1
4092,1
4093,0
4094,1
4095,1
4096,0
4097,0
4098,0
4099,0
4100,1
4101,0
4102,0
4103,1
4104,0
4105,0
4106,1
4107,1
4108,0
4109,1
4110,1
4111,0
4112,1
4113,0
4114,0
4115,1
4116,0
4117,1
4118,1
4119,0
4120,0
4121,1
4122,0
4123,1
4124,0
4125,0
4126,0
4127,1
4128,0
4129,0
4130,0
4131,1
4132,0
4133,0
4134,1
4135,1
4136,0
4137,0
4138,0
4139,1
4140,0
4141,0
4142,0
4143,0
4144,1
4145,0
4146,1
4147,1
4148,1
4149,0
4150,1
4151,0
4152,1
4153,0
4154,0
4155,0
4156,1
4157,0
4158,0
4159,0
4160,0
4161,1
4162,0
4163,1
4164,1
4165,0
4166,0
4167,0
4168,1
4169,1
4170,0
4171,0
4172,1
4173,1
4174,1
4175,1
4176,1
4177,1
4178,0
4179,1
4180,0
4181,1
4182,1
4183,1
4184,1
4185,0
4186,1
4187,1
4188,1
4189,0
4190,0
4191,1
4192,0
4193,1
4194,0
4195,0
4196,1
4197,0
4198,1
4199,1
4200,0
4201,0
4202,1
4203,0
4204,1
4205,0
4206,1
4207,1
4208,1
4209,0
4210,1
4211,1
4212,0
4213,1
4214,1
4215,0
4216,0
4217,0
4218,1
4219,1
4220,0
4221,1
4222,0
4223,0
4224,0
4225,0
4226,0
4227,0
4228,0
4229,0
4230,0
4231,1
4232,0
4233,0
4234,1
4235,1
4236,0
4237,0
4238,0
4239,1
4240,0
4241,1
4242,0
4243,1
4244,0
4245,0
4246,1
4247,0
4248,1
4249,1
4250,0
4251,0
4252,0
4253,0
4254,0
4255,1
4256,0
4257,1
4258,0
4259,0
4260,0
4261,1
4262,0
4263,0
4264,1
4265,1
4266,1
4267,0
4268,1
4269,1
4270,0
4271,1
4272,1
4273,1
4274,1
4275,1
4276,1
4277,1
4278,0
4279,0
4280,1
4281,0
4282,0
4283,0
4284,0
4285,1
4286,1
4287,0
4288,1
4289,0
4290,1
4291,0
4292,1
4293,1
4294,0
4295,1
4296,0
4297,0
4298,0
4299,0
4300,0
4301,1
4302,0
4303,0
4304,0
4305,1
4306,0
4307,0
4308,0
4309,0
4310,0
4311,0
4312,1
4313,1
4314,0
4315,1
4316,0
4317,1
4318,1
4319,1
4320,1
4321,0
4322,0
4323,1
4324,1
4325,1
4326,1
4327,1
4328,1
4329,0
4330,1
4331,0
4332,0
4333,0
4334,0
4335,1
4336,0
4337,0
4338,1
4339,0
4340,0
4341,0
4342,0
4343,1
4344,0
4345,1
4346,1
4347,1
4348,0
4349,1
4350,0
4351,1
4352,0
4353,1
4354,1
4355,0
4356,0
4357,0
4358,1
4359,1
4360,0
4361,1
4362,1
4363,1
4364,1
4365,0
4366,1
4367,1
4368,1
4369,0
4370,1
4371,0
4372,1
4373,1
4374,0
4375,0
4376,1
4377,1
4378,0
4379,0
4380,0
4381,1
4382,0
4383,1
4384,0
4385,0
4386,0
4387,1
4388,1
4389,0
4390,0
4391,1
4392,0
4393,1
4394,0
4395,0
4396,0
4397,1
4398,0
4399,0
4400,0
4401,1
4402,0
4403,0
4404,0
4405,1
4406,0
4407,0
4408,0
4409,0
4410,1
4411,1
4412,1
4413,0
4414,1
4415,1
4416,1
4417,1
4418,0
4419,1
4420,1
4421,1
4422,0
4423,1
4424,1
4425,1
4426,0
4427,0
4428,0
4429,0
4430,0
4431,1
4432,1
4433,1
4434,0
4435,0
4436,0
4437,1
4438,0
4439,1
4440,1
4441,1
4442,1
4443,1
4444,0
4445,1
4446,1
4447,1
4448,0
4449,1
4450,1
4451,1
4452,0
4453,0
4454,1
4455,0
4456,0
4457,1
4458,0
4459,1
4460,0
4461,0
4462,0
4463,0
4464,1
4465,1
4466,1
4467,1
4468,1
4469,0
4470,1
4471,1
4472,0
4473,1
4474,0
4475,0
4476,1
4477,0
4478,1
4479,0
4480,1
4481,0
4482,0
4483,1
4484,1
4485,0
4486,1
4487,1
4488,1
4489,0
4490,0
4491,0
4492,0
4493,0
4494,1
4495,0
4496,0
4497,1
4498,0
4499,1
4500,1
4501,0
4502,0
4503,0
4504,0
4505,0
4506,1
4507,1
4508,1
4509,1
4510,0
4511,0
4512,0
4513,1
4514,1
4515,1
4516,1
4517,0
4518,0
4519,0
4520,1
4521,1
4522,1
4523,0
4524,0
4525,1
4526,0
4527,0
4528,1
4529,1
4530,0
4531,0
4532,1
4533,1
4534,0
4535,0
4536,0
4537,1
4538,0
4539,0
4540,1
4541,0
4542,1
4543,0
4544,0
4545,0
4546,0
4547,0
4548,0
4549,0
4550,0
4551,1
4552,0
4553,1
4554,0
4555,0
4556,1
4557,1
4558,1
4559,0
4560,1
4561,0
4562,1
4563,1
4564,0
4565,0
4566,1
4567,1
4568,1
4569,1
4570,1
4571,0
4572,0
4573,0
4574,1
4575,0
4576,0
4577,0
4578,1
4579,0
4580,0
4581,1
4582,1
4583,0
4584,1
4585,1
4586,0
4587,0
4588,0
4589,0
4590,0
4591,0
4592,0
4593,1
4594,1
4595,1
4596,1
4597,0
4598,1
4599,1
4600,1
4601,1
4602,1
4603,0
4604,1
4605,0
4606,0
4607,0
4608,0
4609,0
4610,1
4611,1
4612,1
4613,0
4614,0
4615,0
4616,0
4617,0
4618,0
4619,1
4620,0
4621,1
4622,0
4623,1
4624,0
4625,1
4626,1
4627,1
4628,1
4629,1
4630,0
4631,0
4632,1
4633,1
4634,0
4635,0
4636,0
4637,0
4638,0
4639,0
4640,0
4641,0
4642,0
4643,1
4644,0
4645,0
4646,1
4647,1
4648,1
4649,0
4650,1
4651,0
4652,0
4653,0
4654,1
4655,0
4656,0
4657,1
4658,0
4659,1
4660,0
4661,1
4662,0
4663,0
4664,1
4665,1
4666,1
4667,0
4668,1
4669,0
4670,0
4671,1
4672,1
4673,1
4674,0
4675,0
4676,1
4677,0
4678,1
4679,0
4680,1
4681,1
4682,0
4683,1
4684,0
4685,1
4686,1
4687,1
4688,0
4689,1
4690,0
4691,0
4692,0
4693,1
4694,0
4695,0
4696,0
4697,0
4698,0
4699,1
4700,0
4701,1
4702,1
4703,0
4704,0
4705,0
4706,0
4707,0
4708,1
4709,0
4710,0
4711,1
4712,0
4713,0
4714,1
4715,0
4716,0
4717,1
4718,1
4719,0
4720,0
4721,0
4722,0
4723,1
4724,0
4725,1
4726,1
4727,1
4728,1
4729,0
4730,0
4731,0
4732,0
4733,0
4734,1
4735,0
4736,0
4737,0
4738,1
4739,0
4740,1
4741,1
4742,0
4743,0
4744,0
4745,1
4746,0
4747,0
4748,0
4749,0
4750,1
4751,0
4752,1
4753,0
4754,1
4755,0
4756,0
4757,1
4758,0
4759,0
4760,1
4761,1
4762,0
4763,0
4764,0
4765,1
4766,0
4767,0
4768,0
4769,1
4770,0
4771,0
4772,0
4773,0
4774,0
4775,0
4776,0
4777,1
4778,0
4779,0
4780,1
4781,0
4782,1
4783,1
4784,1
4785,0
4786,0
4787,0
4788,0
4789,1
4790,0
4791,1
4792,0
4793,1
4794,0
4795,0
4796,0
4797,1
4798,0
4799,0
4800,0
4801,0
4802,0
4803,0
4804,1
4805,0
4806,0
4807,0
4808,1
4809,0
4810,1
4811,0
4812,1
4813,1
4814,1
4815,0
4816,0
4817,1
4818,0
4819,1
4820,1
4821,0
4822,1
4823,1
4824,1
4825,1
4826,0
4827,1
4828,0
4829,0
4830,0
4831,1
4832,0
4833,1
4834,1
4835,0
4836,0
4837,0
4838,0
4839,1
4840,1
4841,1
4842,1
4843,1
4844,0
4845,1
4846,0
4847,0
4848,0
4849,1
4850,0
4851,0
4852,1
4853,0
4854,1
4855,0
4856,1
4857,0
4858,1
4859,1
4860,0
4861,1
4862,0
4863,1
4864,0
4865,1
4866,0
4867,0
4868,1
4869,1
4870,1
4871,1
4872,0
4873,1
4874,0
4875,0
4876,0
4877,0
4878,0
4879,1
4880,0
4881,1
4882,1
4883,1
4884,1
4885,0
4886,1
4887,1
4888,0
4889,0
4890,1
4891,1
4892,1
4893,0
4894,0
4895,0
4896,1
4897,1
4898,0
4899,1
4900,0
4901,0
4902,0
4903,1
4904,1
4905,0
4906,1
4907,0
4908,0
4909,1
4910,1
4911,1
4912,1
4913,0
4914,0
4915,0
4916,0
4917,0
4918,0
4919,0
4920,1
4921,0
4922,0
4923,0
4924,0
4925,1
4926,0
4927,1
4928,0
4929,0
4930,1
4931,0
4932,0
4933,1
4934,0
4935,0
4936,1
4937,1
4938,1
4939,1
4940,1
4941,0
4942,0
4943,0
4944,1
4945,0
4946,1
4947,0
4948,1
4949,0
4950,0
4951,0
4952,0
4953,1
4954,0
4955,1
4956,0
4957,0
4958,0
4959,1
4960,1
4961,0
4962,1
4963,0
4964,0
4965,1
4966,0
4967,0
4968,1
4969,0
4970,1
4971,0
4972,0
4973,0
4974,0
4975,0
4976,0
4977,0
4978,0
4979,1
4980,0
4981,1
4982,1
4983,0
4984,0
4985,0
4986,0
4987,1
4988,0
4989,0
4990,1
4991,1
4992,0
4993,1
4994,0
4995,0
4996,0
4997,1
4998,1
4999,0
5000,1
5001,1
5002,1
5003,1
5004,1
5005,1
5006,0
5007,0
5008,1
5009,0
5010,1
5011,1
5012,0
5013,1
5014,0
5015,0
5016,0
5017,0
5018,1
5019,1
5020,0
5021,0
5022,0
5023,0
5024,0
5025,1
5026,0
5027,0
5028,0
5029,0
5030,1
5031,0
5032,0
5033,0
5034,0
5035,1
5036,1
5037,0
5038,0
5039,0
5040,0
5041,0
5042,1
5043,0
5044,0
5045,0
5046,0
5047,0
5048,1
5049,0
5050,1
5051,0
5052,1
5053,0
5054,0
5055,1
5056,1
5057,0
5058,1
5059,1
5060,0
5061,1
5062,1
5063,0
5064,1
5065,1
5066,0
5067,1
5068,1
5069,0
5070,0
5071,0
5072,0
5073,0
5074,1
5075,1
5076,1
5077,0
5078,0
5079,0
5080,1
5081,1
5082,1
5083,1
5084,0
5085,1
5086,1
5087,0
5088,0
5089,0
5090,1
5091,1
5092,0
5093,0
5094,0
5095,1
5096,1
5097,1
5098,0
5099,1
5100,1
5101,1
5102,1
5103,0
5104,0
5105,0
5106,0
5107,0
5108,0
5109,0
5110,0
5111,1
5112,1
5113,1
5114,0
5115,0
5116,0
5117,0
5118,0
5119,0
5120,1
5121,0
5122,0
5123,1
5124,1
5125,0
5126,0
5127,0
5128,1
5129,1
5130,0
5131,1
5132,0
5133,0
5134,0
5135,0
5136,0
5137,0
5138,0
5139,1
5140,1
5141,0
5142,0
5143,1
5144,0
5145,1
5146,1
5147,0
5148,1
5149,0
5150,1
5151,0
5152,0
5153,1
5154,1
5155,0
5156,0
5157,0
5158,0
5159,0
5160,0
5161,0
5162,1
5163,0
5164,0
5165,1
5166,1
5167,0
5168,0
5169,0
5170,1
5171,0
5172,0
5173,1
5174,0
5175,0
5176,0
5177,0
5178,1
5179,1
5180,0
5181,0
5182,0
5183,1
5184,0
5185,0
5186,1
5187,0
5188,1
5189,1
5190,1
5191,0
5192,1
5193,1
5194,0
